Name,Email,Phone,Occupation,Organization,City,State,Birthday,Notes
James Brown,james.brown0@example.com,(555) 200-1000,Real Estate Agent,Brown Group,Austin,TX,1960-01-01,Met at the gym
Mary Hernandez,mary.hernandez1@example.com,(555) 201-1013,Small Business Owner,Hernandez LLC,Phoenix,AZ,,Met at networking event
Robert Moore,robert.moore2@example.com,(555) 202-1026,Software Engineer,,Miami,FL,,
Patricia Harris,patricia.harris3@example.com,(555) 203-1039,Truck Driver,,Charlotte,NC,1963-04-04,Neighbor
John Young,john.young4@example.com,(555) 204-1052,,,Columbus,OH,,LinkedIn connection
Jennifer Hill,jennifer.hill5@example.com,(555) 205-1065,Financial Advisor,Hill Group,Chicago,IL,,From church group
Michael Rivera,michael.rivera6@example.com,(555) 206-1078,Insurance Agency Owner,Rivera LLC,Minneapolis,MN,1966-07-07,Met through family
Linda Evans,linda.evans7@example.com,(555) 207-1091,Police Officer,,Sacramento,CA,,Old college friend
David Reyes,david.reyes8@example.com,(555) 208-1104,Firefighter,,Salt Lake City,UT,,Former coworker
Elizabeth Gutierrez,elizabeth.gutierrez9@example.com,(555) 209-1117,,,Des Moines,IA,1969-10-10,Referred by a client
William Kelly,william.kelly10@example.com,(555) 210-1130,Construction Company Owner,Kelly Group,Austin,TX,,Kid plays sports with mine
Barbara Watson,barbara.watson11@example.com,(555) 211-1143,Salon Owner,Watson LLC,Phoenix,AZ,,Met at the gym
Richard Mendoza,richard.mendoza12@example.com,(555) 212-1156,Mechanic,,Miami,FL,1972-01-13,Met at networking event
Susan Patel,susan.patel13@example.com,(555) 213-1169,Pharmacist,,Charlotte,NC,,
Joseph Johnson,joseph.johnson14@example.com,(555) 214-1182,,,Columbus,OH,,Neighbor
Jessica Rodriguez,jessica.rodriguez15@example.com,(555) 215-1195,Sales Director,Rodriguez Group,Chicago,IL,1975-04-16,LinkedIn connection
Thomas Thomas,thomas.thomas16@example.com,(555) 216-1208,Practice Owner,Thomas LLC,Minneapolis,MN,,From church group
Sarah Thompson,sarah.thompson17@example.com,(555) 217-1221,Personal Trainer,,Sacramento,CA,,Met through family
Charles Robinson,charles.robinson18@example.com,(555) 218-1234,Server,,Salt Lake City,UT,1978-07-19,Old college friend
Karen Torres,karen.torres19@example.com,(555) 219-1247,,,Des Moines,IA,,Former coworker
Christopher Baker,christopher.baker20@example.com,(555) 220-1260,Restaurant Owner,Baker Group,Austin,TX,,Referred by a client
Nancy Gomez,nancy.gomez21@example.com,(555) 221-1273,Attorney,Gomez LLC,Phoenix,AZ,1981-10-22,Kid plays sports with mine
Daniel Edwards,daniel.edwards22@example.com,(555) 222-1286,Carpenter,,Miami,FL,,Met at the gym
Lisa Cook,lisa.cook23@example.com,(555) 223-1299,Landscaper,,Charlotte,NC,,Met at networking event
Matthew Bailey,matthew.bailey24@example.com,(555) 224-1312,,,Columbus,OH,1984-01-25,
Margaret Ward,margaret.ward25@example.com,(555) 225-1325,Chiropractor,Ward Group,Chicago,IL,,Neighbor
Anthony Bennett,anthony.bennett26@example.com,(555) 226-1338,Dentist,Bennett LLC,Minneapolis,MN,,LinkedIn connection
Betty Castillo,betty.castillo27@example.com,(555) 227-1351,Truck Driver,,Sacramento,CA,1987-04-01,From church group
Mark Powell,mark.powell28@example.com,(555) 228-1364,Barista,,Salt Lake City,UT,,Met through family
Sandra Miller,sandra.miller29@example.com,(555) 229-1377,,,Des Moines,IA,,Old college friend
Donald Wilson,donald.wilson30@example.com,(555) 230-1390,Realtor,Wilson Group,Austin,TX,1990-07-04,Former coworker
Ashley Lee,ashley.lee31@example.com,(555) 231-1403,Franchise Owner,Lee LLC,Phoenix,AZ,,Referred by a client
Steven Ramirez,steven.ramirez32@example.com,(555) 232-1416,Firefighter,,Miami,FL,,Kid plays sports with mine
Kimberly Wright,kimberly.wright33@example.com,(555) 233-1429,Graphic Designer,,Charlotte,NC,1993-10-07,Met at the gym
Andrew Adams,andrew.adams34@example.com,(555) 234-1442,,,Columbus,OH,,Met at networking event
Emily Carter,emily.carter35@example.com,(555) 235-1455,Independent Consultant,Carter Group,Chicago,IL,,
Paul Parker,paul.parker36@example.com,(555) 236-1468,Real Estate Agent,Parker LLC,Minneapolis,MN,1996-01-10,Neighbor
Donna Morales,donna.morales37@example.com,(555) 237-1481,Pharmacist,,Sacramento,CA,,LinkedIn connection
Joshua Cooper,joshua.cooper38@example.com,(555) 238-1494,Flight Attendant,,Salt Lake City,UT,,From church group
Michelle Kim,michelle.kim39@example.com,(555) 239-1507,,,Des Moines,IA,1960-04-13,Met through family
Kenneth Wood,kenneth.wood40@example.com,(555) 240-1520,CPA / Accountant,Wood Group,Austin,TX,,Old college friend
Carol Price,carol.price41@example.com,(555) 241-1533,Financial Advisor,Price LLC,Phoenix,AZ,,Former coworker
Kevin Ross,kevin.ross42@example.com,(555) 242-1546,Server,,Miami,FL,1963-07-16,Referred by a client
Amanda Jones,amanda.jones43@example.com,(555) 243-1559,Retail Associate,,Charlotte,NC,,Kid plays sports with mine
Brian Lopez,brian.lopez44@example.com,(555) 244-1572,,,Columbus,OH,,Met at the gym
Melissa Jackson,melissa.jackson45@example.com,(555) 245-1585,Marketing Consultant,Jackson Group,Chicago,IL,1966-10-19,Met at networking event
George Sanchez,george.sanchez46@example.com,(555) 246-1598,Construction Company Owner,Sanchez LLC,Minneapolis,MN,,
Deborah Allen,deborah.allen47@example.com,(555) 247-1611,Landscaper,,Sacramento,CA,,Neighbor
Timothy Flores,timothy.flores48@example.com,(555) 248-1624,Teacher,,Salt Lake City,UT,1969-01-22,LinkedIn connection
Stephanie Campbell,stephanie.campbell49@example.com,(555) 249-1637,,,Des Moines,IA,,From church group
Jose Turner,jose.turner50@example.com,(555) 250-1650,Executive Director,Turner Group,Austin,TX,,Met through family
Rebecca Stewart,rebecca.stewart51@example.com,(555) 251-1663,Sales Director,Stewart LLC,Phoenix,AZ,1972-04-25,Old college friend
Larry Ortiz,larry.ortiz52@example.com,(555) 252-1676,Barista,,Miami,FL,,Former coworker
Laura Howard,laura.howard53@example.com,(555) 253-1689,Electrician,,Charlotte,NC,,Referred by a client
Jeffrey Brooks,jeffrey.brooks54@example.com,(555) 254-1702,,,Columbus,OH,1975-07-01,Kid plays sports with mine
Sharon Ruiz,sharon.ruiz55@example.com,(555) 255-1715,Small Business Owner,Ruiz Group,Chicago,IL,,Met at the gym
Frank Myers,frank.myers56@example.com,(555) 256-1728,Restaurant Owner,Myers LLC,Minneapolis,MN,,Met at networking event
Cynthia Williams,cynthia.williams57@example.com,(555) 257-1741,Graphic Designer,,Sacramento,CA,1978-10-04,
Scott Martinez,scott.martinez58@example.com,(555) 258-1754,Bank Teller,,Salt Lake City,UT,,Neighbor
Kathleen Taylor,kathleen.taylor59@example.com,(555) 259-1767,,,Des Moines,IA,,LinkedIn connection
Eric White,eric.white60@example.com,(555) 260-1780,Insurance Agency Owner,White Group,Austin,TX,1981-01-07,From church group
Amy Walker,amy.walker61@example.com,(555) 261-1793,Chiropractor,Walker LLC,Phoenix,AZ,,Met through family
Stephen Nguyen,stephen.nguyen62@example.com,(555) 262-1806,Flight Attendant,,Miami,FL,,Old college friend
Angela Hall,angela.hall63@example.com,(555) 263-1819,Hair Stylist,,Charlotte,NC,1984-04-10,Former coworker
Raymond Phillips,raymond.phillips64@example.com,(555) 264-1832,,,Columbus,OH,,Referred by a client
Shirley Collins,shirley.collins65@example.com,(555) 265-1845,Salon Owner,Collins Group,Chicago,IL,,Kid plays sports with mine
Gregory Rogers,gregory.rogers66@example.com,(555) 266-1858,Realtor,Rogers LLC,Minneapolis,MN,1987-07-13,Met at the gym
Anna Reed,anna.reed67@example.com,(555) 267-1871,Retail Associate,,Sacramento,CA,,Met at networking event
Jacob Richardson,jacob.richardson68@example.com,(555) 268-1884,Paralegal,,Salt Lake City,UT,,
Brenda Gray,brenda.gray69@example.com,(555) 269-1897,,,Des Moines,IA,1990-10-16,Neighbor
Carlos Sanders,carlos.sanders70@example.com,(555) 270-1910,Practice Owner,Sanders Group,Austin,TX,,LinkedIn connection
Pamela Smith,pamela.smith71@example.com,(555) 271-1923,Independent Consultant,Smith LLC,Phoenix,AZ,,From church group
Nathan Davis,nathan.davis72@example.com,(555) 272-1936,Teacher,,Miami,FL,1993-01-19,Met through family
Nicole Anderson,nicole.anderson73@example.com,(555) 273-1949,Registered Nurse,,Charlotte,NC,,Old college friend
Henry Perez,henry.perez74@example.com,(555) 274-1962,,,Columbus,OH,,Former coworker
Katherine Lewis,katherine.lewis75@example.com,(555) 275-1975,Attorney,Lewis Group,Chicago,IL,1996-04-22,Referred by a client
Douglas Scott,douglas.scott76@example.com,(555) 276-1988,CPA / Accountant,Scott LLC,Minneapolis,MN,,Kid plays sports with mine
Samantha Nelson,samantha.nelson77@example.com,(555) 277-2001,Electrician,,Sacramento,CA,,Met at the gym
Adrian Roberts,adrian.roberts78@example.com,(555) 278-2014,Plumber,,Salt Lake City,UT,1960-07-25,Met at networking event
Christine Cruz,christine.cruz79@example.com,(555) 279-2027,,,Des Moines,IA,,
Marcus Murphy,marcus.murphy80@example.com,(555) 280-2040,Dentist,Murphy Group,Austin,TX,,Neighbor
Diana Peterson,diana.peterson81@example.com,(555) 281-2053,Marketing Consultant,Peterson LLC,Phoenix,AZ,1963-10-01,LinkedIn connection
Felix Cox,felix.cox82@example.com,(555) 282-2066,Bank Teller,,Miami,FL,,From church group
Maria James,maria.james83@example.com,(555) 283-2079,Warehouse Associate,,Charlotte,NC,,Met through family
Omar Alvarez,omar.alvarez84@example.com,(555) 284-2092,,,Columbus,OH,1966-01-04,Old college friend
Grace Foster,grace.foster85@example.com,(555) 285-2105,Franchise Owner,Foster Group,Chicago,IL,,Former coworker
Derek Garcia,derek.garcia86@example.com,(555) 286-2118,Executive Director,Garcia LLC,Minneapolis,MN,,Referred by a client
Olivia Gonzalez,olivia.gonzalez87@example.com,(555) 287-2131,Hair Stylist,,Sacramento,CA,1969-04-07,Kid plays sports with mine
Travis Martin,travis.martin88@example.com,(555) 288-2144,Bartender,,Salt Lake City,UT,,Met at the gym
Sofia Clark,sofia.clark89@example.com,(555) 289-2157,,,Des Moines,IA,,Met at networking event
Wesley King,wesley.king90@example.com,(555) 290-2170,Real Estate Agent,King Group,Austin,TX,1972-07-10,
Hannah Green,hannah.green91@example.com,(555) 291-2183,Small Business Owner,Green LLC,Phoenix,AZ,,Neighbor
Bryan Mitchell,bryan.mitchell92@example.com,(555) 292-2196,Paralegal,,Miami,FL,,LinkedIn connection
Victoria Diaz,victoria.diaz93@example.com,(555) 293-2209,Dental Hygienist,,Charlotte,NC,1975-10-13,From church group
Caleb Morris,caleb.morris94@example.com,(555) 294-2222,,,Columbus,OH,,Met through family
Lauren Morgan,lauren.morgan95@example.com,(555) 295-2235,Financial Advisor,Morgan Group,Chicago,IL,,Old college friend
Ivan Ramos,ivan.ramos96@example.com,(555) 296-2248,Insurance Agency Owner,Ramos LLC,Minneapolis,MN,1978-01-16,Former coworker
Natalie Chavez,natalie.chavez97@example.com,(555) 297-2261,Registered Nurse,,Sacramento,CA,,Referred by a client
James Hughes,james.hughes98@example.com,(555) 298-2274,Software Engineer,,Salt Lake City,UT,,Kid plays sports with mine
Mary Long,mary.long99@example.com,(555) 299-2287,,,Des Moines,IA,1981-04-19,Met at the gym
Robert Brown,robert.brown100@example.com,(555) 300-2300,Construction Company Owner,Brown Group,Austin,TX,,Met at networking event
Patricia Hernandez,patricia.hernandez101@example.com,(555) 301-2313,Salon Owner,Hernandez LLC,Phoenix,AZ,,
John Moore,john.moore102@example.com,(555) 302-2326,Plumber,,Miami,FL,1984-07-22,Neighbor
Jennifer Harris,jennifer.harris103@example.com,(555) 303-2339,Police Officer,,Charlotte,NC,,LinkedIn connection
Michael Young,michael.young104@example.com,(555) 304-2352,,,Columbus,OH,,From church group
Linda Hill,linda.hill105@example.com,(555) 305-2365,Sales Director,Hill Group,Chicago,IL,1987-10-25,Met through family
David Rivera,david.rivera106@example.com,(555) 306-2378,Practice Owner,Rivera LLC,Minneapolis,MN,,Old college friend
Elizabeth Evans,elizabeth.evans107@example.com,(555) 307-2391,Warehouse Associate,,Sacramento,CA,,Former coworker
William Reyes,william.reyes108@example.com,(555) 308-2404,Mechanic,,Salt Lake City,UT,1990-01-01,Referred by a client
Barbara Gutierrez,barbara.gutierrez109@example.com,(555) 309-2417,,,Des Moines,IA,,Kid plays sports with mine
Richard Kelly,richard.kelly110@example.com,(555) 310-2430,Restaurant Owner,Kelly Group,Austin,TX,,Met at the gym
Susan Watson,susan.watson111@example.com,(555) 311-2443,Attorney,Watson LLC,Phoenix,AZ,1993-04-04,Met at networking event
Joseph Mendoza,joseph.mendoza112@example.com,(555) 312-2456,Bartender,,Miami,FL,,
Jessica Patel,jessica.patel113@example.com,(555) 313-2469,Personal Trainer,,Charlotte,NC,,Neighbor
Thomas Johnson,thomas.johnson114@example.com,(555) 314-2482,,,Columbus,OH,1996-07-07,LinkedIn connection
Sarah Rodriguez,sarah.rodriguez115@example.com,(555) 315-2495,Chiropractor,Rodriguez Group,Chicago,IL,,From church group
Charles Thomas,charles.thomas116@example.com,(555) 316-2508,Dentist,Thomas LLC,Minneapolis,MN,,Met through family
Karen Thompson,karen.thompson117@example.com,(555) 317-2521,Dental Hygienist,,Sacramento,CA,1960-10-10,Old college friend
Christopher Robinson,christopher.robinson118@example.com,(555) 318-2534,Carpenter,,Salt Lake City,UT,,Former coworker
Nancy Torres,nancy.torres119@example.com,(555) 319-2547,,,Des Moines,IA,,Referred by a client
Daniel Baker,daniel.baker120@example.com,(555) 320-2560,Realtor,Baker Group,Austin,TX,1963-01-13,Kid plays sports with mine
Lisa Gomez,lisa.gomez121@example.com,(555) 321-2573,Franchise Owner,Gomez LLC,Phoenix,AZ,,Met at the gym
Matthew Edwards,matthew.edwards122@example.com,(555) 322-2586,Software Engineer,,Miami,FL,,Met at networking event
Margaret Cook,margaret.cook123@example.com,(555) 323-2599,Truck Driver,,Charlotte,NC,1966-04-16,
Anthony Bailey,anthony.bailey124@example.com,(555) 324-2612,,,Columbus,OH,,Neighbor
Betty Ward,betty.ward125@example.com,(555) 325-2625,Independent Consultant,Ward Group,Chicago,IL,,LinkedIn connection
Mark Bennett,mark.bennett126@example.com,(555) 326-2638,Real Estate Agent,Bennett LLC,Minneapolis,MN,1969-07-19,From church group
Sandra Castillo,sandra.castillo127@example.com,(555) 327-2651,Police Officer,,Sacramento,CA,,Met through family
Donald Powell,donald.powell128@example.com,(555) 328-2664,Firefighter,,Salt Lake City,UT,,Old college friend
Ashley Miller,ashley.miller129@example.com,(555) 329-2677,,,Des Moines,IA,1972-10-22,Former coworker
Steven Wilson,steven.wilson130@example.com,(555) 330-2690,CPA / Accountant,Wilson Group,Austin,TX,,Referred by a client
Kimberly Lee,kimberly.lee131@example.com,(555) 331-2703,Financial Advisor,Lee LLC,Phoenix,AZ,,Kid plays sports with mine
Andrew Ramirez,andrew.ramirez132@example.com,(555) 332-2716,Mechanic,,Miami,FL,1975-01-25,Met at the gym
Emily Wright,emily.wright133@example.com,(555) 333-2729,Pharmacist,,Charlotte,NC,,Met at networking event
Paul Adams,paul.adams134@example.com,(555) 334-2742,,,Columbus,OH,,
Donna Carter,donna.carter135@example.com,(555) 335-2755,Marketing Consultant,Carter Group,Chicago,IL,1978-04-01,Neighbor
Joshua Parker,joshua.parker136@example.com,(555) 336-2768,Construction Company Owner,Parker LLC,Minneapolis,MN,,LinkedIn connection
Michelle Morales,michelle.morales137@example.com,(555) 337-2781,Personal Trainer,,Sacramento,CA,,From church group
Kenneth Cooper,kenneth.cooper138@example.com,(555) 338-2794,Server,,Salt Lake City,UT,1981-07-04,Met through family
Carol Kim,carol.kim139@example.com,(555) 339-2807,,,Des Moines,IA,,Old college friend
Kevin Wood,kevin.wood140@example.com,(555) 340-2820,Executive Director,Wood Group,Austin,TX,,Former coworker
Amanda Price,amanda.price141@example.com,(555) 341-2833,Sales Director,Price LLC,Phoenix,AZ,1984-10-07,Referred by a client
Brian Ross,brian.ross142@example.com,(555) 342-2846,Carpenter,,Miami,FL,,Kid plays sports with mine
Melissa Jones,melissa.jones143@example.com,(555) 343-2859,Landscaper,,Charlotte,NC,,Met at the gym
George Lopez,george.lopez144@example.com,(555) 344-2872,,,Columbus,OH,1987-01-10,Met at networking event
Deborah Jackson,deborah.jackson145@example.com,(555) 345-2885,Small Business Owner,Jackson Group,Chicago,IL,,
Timothy Sanchez,timothy.sanchez146@example.com,(555) 346-2898,Restaurant Owner,Sanchez LLC,Minneapolis,MN,,Neighbor
Stephanie Allen,stephanie.allen147@example.com,(555) 347-2911,Truck Driver,,Sacramento,CA,1990-04-13,LinkedIn connection
Jose Flores,jose.flores148@example.com,(555) 348-2924,Barista,,Salt Lake City,UT,,From church group
Rebecca Campbell,rebecca.campbell149@example.com,(555) 349-2937,,,Des Moines,IA,,Met through family
Larry Turner,larry.turner150@example.com,(555) 350-2950,Insurance Agency Owner,Turner Group,Austin,TX,1993-07-16,Old college friend
Laura Stewart,laura.stewart151@example.com,(555) 351-2963,Chiropractor,Stewart LLC,Phoenix,AZ,,Former coworker
Jeffrey Ortiz,jeffrey.ortiz152@example.com,(555) 352-2976,Firefighter,,Miami,FL,,Referred by a client
Sharon Howard,sharon.howard153@example.com,(555) 353-2989,Graphic Designer,,Charlotte,NC,1996-10-19,Kid plays sports with mine
Frank Brooks,frank.brooks154@example.com,(555) 354-3002,,,Columbus,OH,,Met at the gym
Cynthia Ruiz,cynthia.ruiz155@example.com,(555) 355-3015,Salon Owner,Ruiz Group,Chicago,IL,,Met at networking event
Scott Myers,scott.myers156@example.com,(555) 356-3028,Realtor,Myers LLC,Minneapolis,MN,1960-01-22,
Kathleen Williams,kathleen.williams157@example.com,(555) 357-3041,Pharmacist,,Sacramento,CA,,Neighbor
Eric Martinez,eric.martinez158@example.com,(555) 358-3054,Flight Attendant,,Salt Lake City,UT,,LinkedIn connection
Amy Taylor,amy.taylor159@example.com,(555) 359-3067,,,Des Moines,IA,1963-04-25,From church group
Stephen White,stephen.white160@example.com,(555) 360-3080,Practice Owner,White Group,Austin,TX,,Met through family
Angela Walker,angela.walker161@example.com,(555) 361-3093,Independent Consultant,Walker LLC,Phoenix,AZ,,Old college friend
Raymond Nguyen,raymond.nguyen162@example.com,(555) 362-3106,Server,,Miami,FL,1966-07-01,Former coworker
Shirley Hall,shirley.hall163@example.com,(555) 363-3119,Retail Associate,,Charlotte,NC,,Referred by a client
Gregory Phillips,gregory.phillips164@example.com,(555) 364-3132,,,Columbus,OH,,Kid plays sports with mine
Anna Collins,anna.collins165@example.com,(555) 365-3145,Attorney,Collins Group,Chicago,IL,1969-10-04,Met at the gym
Jacob Rogers,jacob.rogers166@example.com,(555) 366-3158,CPA / Accountant,Rogers LLC,Minneapolis,MN,,Met at networking event
Brenda Reed,brenda.reed167@example.com,(555) 367-3171,Landscaper,,Sacramento,CA,,
Carlos Richardson,carlos.richardson168@example.com,(555) 368-3184,Teacher,,Salt Lake City,UT,1972-01-07,Neighbor
Pamela Gray,pamela.gray169@example.com,(555) 369-3197,,,Des Moines,IA,,LinkedIn connection
Nathan Sanders,nathan.sanders170@example.com,(555) 370-3210,Dentist,Sanders Group,Austin,TX,,From church group
Nicole Smith,nicole.smith171@example.com,(555) 371-3223,Marketing Consultant,Smith LLC,Phoenix,AZ,1975-04-10,Met through family
Henry Davis,henry.davis172@example.com,(555) 372-3236,Barista,,Miami,FL,,Old college friend
Katherine Anderson,katherine.anderson173@example.com,(555) 373-3249,Electrician,,Charlotte,NC,,Former coworker
Douglas Perez,douglas.perez174@example.com,(555) 374-3262,,,Columbus,OH,1978-07-13,Referred by a client
Samantha Lewis,samantha.lewis175@example.com,(555) 375-3275,Franchise Owner,Lewis Group,Chicago,IL,,Kid plays sports with mine
Adrian Scott,adrian.scott176@example.com,(555) 376-3288,Executive Director,Scott LLC,Minneapolis,MN,,Met at the gym
Christine Nelson,christine.nelson177@example.com,(555) 377-3301,Graphic Designer,,Sacramento,CA,1981-10-16,Met at networking event
Marcus Roberts,marcus.roberts178@example.com,(555) 378-3314,Bank Teller,,Salt Lake City,UT,,
Diana Cruz,diana.cruz179@example.com,(555) 379-3327,,,Des Moines,IA,,Neighbor
Felix Murphy,felix.murphy180@example.com,(555) 380-3340,Real Estate Agent,Murphy Group,Austin,TX,1984-01-19,LinkedIn connection
Maria Peterson,maria.peterson181@example.com,(555) 381-3353,Small Business Owner,Peterson LLC,Phoenix,AZ,,From church group
Omar Cox,omar.cox182@example.com,(555) 382-3366,Flight Attendant,,Miami,FL,,Met through family
Grace James,grace.james183@example.com,(555) 383-3379,Hair Stylist,,Charlotte,NC,1987-04-22,Old college friend
Derek Alvarez,derek.alvarez184@example.com,(555) 384-3392,,,Columbus,OH,,Former coworker
Olivia Foster,olivia.foster185@example.com,(555) 385-3405,Financial Advisor,Foster Group,Chicago,IL,,Referred by a client
Travis Garcia,travis.garcia186@example.com,(555) 386-3418,Insurance Agency Owner,Garcia LLC,Minneapolis,MN,1990-07-25,Kid plays sports with mine
Sofia Gonzalez,sofia.gonzalez187@example.com,(555) 387-3431,Retail Associate,,Sacramento,CA,,Met at the gym
Wesley Martin,wesley.martin188@example.com,(555) 388-3444,Paralegal,,Salt Lake City,UT,,Met at networking event
Hannah Clark,hannah.clark189@example.com,(555) 389-3457,,,Des Moines,IA,1993-10-01,
Bryan King,bryan.king190@example.com,(555) 390-3470,Construction Company Owner,King Group,Austin,TX,,Neighbor
Victoria Green,victoria.green191@example.com,(555) 391-3483,Salon Owner,Green LLC,Phoenix,AZ,,LinkedIn connection
Caleb Mitchell,caleb.mitchell192@example.com,(555) 392-3496,Teacher,,Miami,FL,1996-01-04,From church group
Lauren Diaz,lauren.diaz193@example.com,(555) 393-3509,Registered Nurse,,Charlotte,NC,,Met through family
Ivan Morris,ivan.morris194@example.com,(555) 394-3522,,,Columbus,OH,,Old college friend
Natalie Morgan,natalie.morgan195@example.com,(555) 395-3535,Sales Director,Morgan Group,Chicago,IL,1960-04-07,Former coworker
James Ramos,james.ramos196@example.com,(555) 396-3548,Practice Owner,Ramos LLC,Minneapolis,MN,,Referred by a client
Mary Chavez,mary.chavez197@example.com,(555) 397-3561,Electrician,,Sacramento,CA,,Kid plays sports with mine
Robert Hughes,robert.hughes198@example.com,(555) 398-3574,Plumber,,Salt Lake City,UT,1963-07-10,Met at the gym
Patricia Long,patricia.long199@example.com,(555) 399-3587,,,Des Moines,IA,,Met at networking event
John Brown,john.brown200@example.com,(555) 400-3600,Restaurant Owner,Brown Group,Austin,TX,,
Jennifer Hernandez,jennifer.hernandez201@example.com,(555) 401-3613,Attorney,Hernandez LLC,Phoenix,AZ,1966-10-13,Neighbor
Michael Moore,michael.moore202@example.com,(555) 402-3626,Bank Teller,,Miami,FL,,LinkedIn connection
Linda Harris,linda.harris203@example.com,(555) 403-3639,Warehouse Associate,,Charlotte,NC,,From church group
David Young,david.young204@example.com,(555) 404-3652,,,Columbus,OH,1969-01-16,Met through family
Elizabeth Hill,elizabeth.hill205@example.com,(555) 405-3665,Chiropractor,Hill Group,Chicago,IL,,Old college friend
William Rivera,william.rivera206@example.com,(555) 406-3678,Dentist,Rivera LLC,Minneapolis,MN,,Former coworker
Barbara Evans,barbara.evans207@example.com,(555) 407-3691,Hair Stylist,,Sacramento,CA,1972-04-19,Referred by a client
Richard Reyes,richard.reyes208@example.com,(555) 408-3704,Bartender,,Salt Lake City,UT,,Kid plays sports with mine
Susan Gutierrez,susan.gutierrez209@example.com,(555) 409-3717,,,Des Moines,IA,,Met at the gym
Joseph Kelly,joseph.kelly210@example.com,(555) 410-3730,Realtor,Kelly Group,Austin,TX,1975-07-22,Met at networking event
Jessica Watson,jessica.watson211@example.com,(555) 411-3743,Franchise Owner,Watson LLC,Phoenix,AZ,,
Thomas Mendoza,thomas.mendoza212@example.com,(555) 412-3756,Paralegal,,Miami,FL,,Neighbor
Sarah Patel,sarah.patel213@example.com,(555) 413-3769,Dental Hygienist,,Charlotte,NC,1978-10-25,LinkedIn connection
Charles Johnson,charles.johnson214@example.com,(555) 414-3782,,,Columbus,OH,,From church group
Karen Rodriguez,karen.rodriguez215@example.com,(555) 415-3795,Independent Consultant,Rodriguez Group,Chicago,IL,,Met through family
Christopher Thomas,christopher.thomas216@example.com,(555) 416-3808,Real Estate Agent,Thomas LLC,Minneapolis,MN,1981-01-01,Old college friend
Nancy Thompson,nancy.thompson217@example.com,(555) 417-3821,Registered Nurse,,Sacramento,CA,,Former coworker
Daniel Robinson,daniel.robinson218@example.com,(555) 418-3834,Software Engineer,,Salt Lake City,UT,,Referred by a client
Lisa Torres,lisa.torres219@example.com,(555) 419-3847,,,Des Moines,IA,1984-04-04,Kid plays sports with mine
Matthew Baker,matthew.baker220@example.com,(555) 420-3860,CPA / Accountant,Baker Group,Austin,TX,,Met at the gym
Margaret Gomez,margaret.gomez221@example.com,(555) 421-3873,Financial Advisor,Gomez LLC,Phoenix,AZ,,Met at networking event
Anthony Edwards,anthony.edwards222@example.com,(555) 422-3886,Plumber,,Miami,FL,1987-07-07,
Betty Cook,betty.cook223@example.com,(555) 423-3899,Police Officer,,Charlotte,NC,,Neighbor
Mark Bailey,mark.bailey224@example.com,(555) 424-3912,,,Columbus,OH,,LinkedIn connection
Sandra Ward,sandra.ward225@example.com,(555) 425-3925,Marketing Consultant,Ward Group,Chicago,IL,1990-10-10,From church group
Donald Bennett,donald.bennett226@example.com,(555) 426-3938,Construction Company Owner,Bennett LLC,Minneapolis,MN,,Met through family
Ashley Castillo,ashley.castillo227@example.com,(555) 427-3951,Warehouse Associate,,Sacramento,CA,,Old college friend
Steven Powell,steven.powell228@example.com,(555) 428-3964,Mechanic,,Salt Lake City,UT,1993-01-13,Former coworker
Kimberly Miller,kimberly.miller229@example.com,(555) 429-3977,,,Des Moines,IA,,Referred by a client
Andrew Wilson,andrew.wilson230@example.com,(555) 430-3990,Executive Director,Wilson Group,Austin,TX,,Kid plays sports with mine
Emily Lee,emily.lee231@example.com,(555) 431-4003,Sales Director,Lee LLC,Phoenix,AZ,1996-04-16,Met at the gym
Paul Ramirez,paul.ramirez232@example.com,(555) 432-4016,Bartender,,Miami,FL,,Met at networking event
Donna Wright,donna.wright233@example.com,(555) 433-4029,Personal Trainer,,Charlotte,NC,,
Joshua Adams,joshua.adams234@example.com,(555) 434-4042,,,Columbus,OH,1960-07-19,Neighbor
Michelle Carter,michelle.carter235@example.com,(555) 435-4055,Small Business Owner,Carter Group,Chicago,IL,,LinkedIn connection
Kenneth Parker,kenneth.parker236@example.com,(555) 436-4068,Restaurant Owner,Parker LLC,Minneapolis,MN,,From church group
Carol Morales,carol.morales237@example.com,(555) 437-4081,Dental Hygienist,,Sacramento,CA,1963-10-22,Met through family
Kevin Cooper,kevin.cooper238@example.com,(555) 438-4094,Carpenter,,Salt Lake City,UT,,Old college friend
Amanda Kim,amanda.kim239@example.com,(555) 439-4107,,,Des Moines,IA,,Former coworker
Brian Wood,brian.wood240@example.com,(555) 440-4120,Insurance Agency Owner,Wood Group,Austin,TX,1966-01-25,Referred by a client
Melissa Price,melissa.price241@example.com,(555) 441-4133,Chiropractor,Price LLC,Phoenix,AZ,,Kid plays sports with mine
George Ross,george.ross242@example.com,(555) 442-4146,Software Engineer,,Miami,FL,,Met at the gym
Deborah Jones,deborah.jones243@example.com,(555) 443-4159,Truck Driver,,Charlotte,NC,1969-04-01,Met at networking event
Timothy Lopez,timothy.lopez244@example.com,(555) 444-4172,,,Columbus,OH,,
Stephanie Jackson,stephanie.jackson245@example.com,(555) 445-4185,Salon Owner,Jackson Group,Chicago,IL,,Neighbor
Jose Sanchez,jose.sanchez246@example.com,(555) 446-4198,Realtor,Sanchez LLC,Minneapolis,MN,1972-07-04,LinkedIn connection
Rebecca Allen,rebecca.allen247@example.com,(555) 447-4211,Police Officer,,Sacramento,CA,,From church group
Larry Flores,larry.flores248@example.com,(555) 448-4224,Firefighter,,Salt Lake City,UT,,Met through family
Laura Campbell,laura.campbell249@example.com,(555) 449-4237,,,Des Moines,IA,1975-10-07,Old college friend
Jeffrey Turner,jeffrey.turner250@example.com,(555) 450-4250,Practice Owner,Turner Group,Austin,TX,,Former coworker
Sharon Stewart,sharon.stewart251@example.com,(555) 451-4263,Independent Consultant,Stewart LLC,Phoenix,AZ,,Referred by a client
Frank Ortiz,frank.ortiz252@example.com,(555) 452-4276,Mechanic,,Miami,FL,1978-01-10,Kid plays sports with mine
Cynthia Howard,cynthia.howard253@example.com,(555) 453-4289,Pharmacist,,Charlotte,NC,,Met at the gym
Scott Brooks,scott.brooks254@example.com,(555) 454-4302,,,Columbus,OH,,Met at networking event
Kathleen Ruiz,kathleen.ruiz255@example.com,(555) 455-4315,Attorney,Ruiz Group,Chicago,IL,1981-04-13,
Eric Myers,eric.myers256@example.com,(555) 456-4328,CPA / Accountant,Myers LLC,Minneapolis,MN,,Neighbor
Amy Williams,amy.williams257@example.com,(555) 457-4341,Personal Trainer,,Sacramento,CA,,LinkedIn connection
Stephen Martinez,stephen.martinez258@example.com,(555) 458-4354,Server,,Salt Lake City,UT,1984-07-16,From church group
Angela Taylor,angela.taylor259@example.com,(555) 459-4367,,,Des Moines,IA,,Met through family
Raymond White,raymond.white260@example.com,(555) 460-4380,Dentist,White Group,Austin,TX,,Old college friend
Shirley Walker,shirley.walker261@example.com,(555) 461-4393,Marketing Consultant,Walker LLC,Phoenix,AZ,1987-10-19,Former coworker
Gregory Nguyen,gregory.nguyen262@example.com,(555) 462-4406,Carpenter,,Miami,FL,,Referred by a client
Anna Hall,anna.hall263@example.com,(555) 463-4419,Landscaper,,Charlotte,NC,,Kid plays sports with mine
Jacob Phillips,jacob.phillips264@example.com,(555) 464-4432,,,Columbus,OH,1990-01-22,Met at the gym
Brenda Collins,brenda.collins265@example.com,(555) 465-4445,Franchise Owner,Collins Group,Chicago,IL,,Met at networking event
Carlos Rogers,carlos.rogers266@example.com,(555) 466-4458,Executive Director,Rogers LLC,Minneapolis,MN,,
Pamela Reed,pamela.reed267@example.com,(555) 467-4471,Truck Driver,,Sacramento,CA,1993-04-25,Neighbor
Nathan Richardson,nathan.richardson268@example.com,(555) 468-4484,Barista,,Salt Lake City,UT,,LinkedIn connection
Nicole Gray,nicole.gray269@example.com,(555) 469-4497,,,Des Moines,IA,,From church group
Henry Sanders,henry.sanders270@example.com,(555) 470-4510,Real Estate Agent,Sanders Group,Austin,TX,1996-07-01,Met through family
Katherine Smith,katherine.smith271@example.com,(555) 471-4523,Small Business Owner,Smith LLC,Phoenix,AZ,,Old college friend
Douglas Davis,douglas.davis272@example.com,(555) 472-4536,Firefighter,,Miami,FL,,Former coworker
Samantha Anderson,samantha.anderson273@example.com,(555) 473-4549,Graphic Designer,,Charlotte,NC,1960-10-04,Referred by a client
Adrian Perez,adrian.perez274@example.com,(555) 474-4562,,,Columbus,OH,,Kid plays sports with mine
Christine Lewis,christine.lewis275@example.com,(555) 475-4575,Financial Advisor,Lewis Group,Chicago,IL,,Met at the gym
Marcus Scott,marcus.scott276@example.com,(555) 476-4588,Insurance Agency Owner,Scott LLC,Minneapolis,MN,1963-01-07,Met at networking event
Diana Nelson,diana.nelson277@example.com,(555) 477-4601,Pharmacist,,Sacramento,CA,,
Felix Roberts,felix.roberts278@example.com,(555) 478-4614,Flight Attendant,,Salt Lake City,UT,,Neighbor
Maria Cruz,maria.cruz279@example.com,(555) 479-4627,,,Des Moines,IA,1966-04-10,LinkedIn connection
Omar Murphy,omar.murphy280@example.com,(555) 480-4640,Construction Company Owner,Murphy Group,Austin,TX,,From church group
Grace Peterson,grace.peterson281@example.com,(555) 481-4653,Salon Owner,Peterson LLC,Phoenix,AZ,,Met through family
Derek Cox,derek.cox282@example.com,(555) 482-4666,Server,,Miami,FL,1969-07-13,Old college friend
Olivia James,olivia.james283@example.com,(555) 483-4679,Retail Associate,,Charlotte,NC,,Former coworker
Travis Alvarez,travis.alvarez284@example.com,(555) 484-4692,,,Columbus,OH,,Referred by a client
Sofia Foster,sofia.foster285@example.com,(555) 485-4705,Sales Director,Foster Group,Chicago,IL,1972-10-16,Kid plays sports with mine
Wesley Garcia,wesley.garcia286@example.com,(555) 486-4718,Practice Owner,Garcia LLC,Minneapolis,MN,,Met at the gym
Hannah Gonzalez,hannah.gonzalez287@example.com,(555) 487-4731,Landscaper,,Sacramento,CA,,Met at networking event
Bryan Martin,bryan.martin288@example.com,(555) 488-4744,Teacher,,Salt Lake City,UT,1975-01-19,
Victoria Clark,victoria.clark289@example.com,(555) 489-4757,,,Des Moines,IA,,Neighbor
Caleb King,caleb.king290@example.com,(555) 490-4770,Restaurant Owner,King Group,Austin,TX,,LinkedIn connection
Lauren Green,lauren.green291@example.com,(555) 491-4783,Attorney,Green LLC,Phoenix,AZ,1978-04-22,From church group
Ivan Mitchell,ivan.mitchell292@example.com,(555) 492-4796,Barista,,Miami,FL,,Met through family
Natalie Diaz,natalie.diaz293@example.com,(555) 493-4809,Electrician,,Charlotte,NC,,Old college friend
James Morris,james.morris294@example.com,(555) 494-4822,,,Columbus,OH,1981-07-25,Former coworker
Mary Morgan,mary.morgan295@example.com,(555) 495-4835,Chiropractor,Morgan Group,Chicago,IL,,Referred by a client
Robert Ramos,robert.ramos296@example.com,(555) 496-4848,Dentist,Ramos LLC,Minneapolis,MN,,Kid plays sports with mine
Patricia Chavez,patricia.chavez297@example.com,(555) 497-4861,Graphic Designer,,Sacramento,CA,1984-10-01,Met at the gym
John Hughes,john.hughes298@example.com,(555) 498-4874,Bank Teller,,Salt Lake City,UT,,Met at networking event
Jennifer Long,jennifer.long299@example.com,(555) 499-4887,,,Des Moines,IA,,
Michael Brown,michael.brown300@example.com,(555) 500-4900,Realtor,Brown Group,Austin,TX,1987-01-04,Neighbor
Linda Hernandez,linda.hernandez301@example.com,(555) 501-4913,Franchise Owner,Hernandez LLC,Phoenix,AZ,,LinkedIn connection
David Moore,david.moore302@example.com,(555) 502-4926,Flight Attendant,,Miami,FL,,From church group
Elizabeth Harris,elizabeth.harris303@example.com,(555) 503-4939,Hair Stylist,,Charlotte,NC,1990-04-07,Met through family
William Young,william.young304@example.com,(555) 504-4952,,,Columbus,OH,,Old college friend
Barbara Hill,barbara.hill305@example.com,(555) 505-4965,Independent Consultant,Hill Group,Chicago,IL,,Former coworker
Richard Rivera,richard.rivera306@example.com,(555) 506-4978,Real Estate Agent,Rivera LLC,Minneapolis,MN,1993-07-10,Referred by a client
Susan Evans,susan.evans307@example.com,(555) 507-4991,Retail Associate,,Sacramento,CA,,Kid plays sports with mine
Joseph Reyes,joseph.reyes308@example.com,(555) 508-5004,Paralegal,,Salt Lake City,UT,,Met at the gym
Jessica Gutierrez,jessica.gutierrez309@example.com,(555) 509-5017,,,Des Moines,IA,1996-10-13,Met at networking event
Thomas Kelly,thomas.kelly310@example.com,(555) 510-5030,CPA / Accountant,Kelly Group,Austin,TX,,
Sarah Watson,sarah.watson311@example.com,(555) 511-5043,Financial Advisor,Watson LLC,Phoenix,AZ,,Neighbor
Charles Mendoza,charles.mendoza312@example.com,(555) 512-5056,Teacher,,Miami,FL,1960-01-16,LinkedIn connection
Karen Patel,karen.patel313@example.com,(555) 513-5069,Registered Nurse,,Charlotte,NC,,From church group
Christopher Johnson,christopher.johnson314@example.com,(555) 514-5082,,,Columbus,OH,,Met through family
Nancy Rodriguez,nancy.rodriguez315@example.com,(555) 515-5095,Marketing Consultant,Rodriguez Group,Chicago,IL,1963-04-19,Old college friend
Daniel Thomas,daniel.thomas316@example.com,(555) 516-5108,Construction Company Owner,Thomas LLC,Minneapolis,MN,,Former coworker
Lisa Thompson,lisa.thompson317@example.com,(555) 517-5121,Electrician,,Sacramento,CA,,Referred by a client
Matthew Robinson,matthew.robinson318@example.com,(555) 518-5134,Plumber,,Salt Lake City,UT,1966-07-22,Kid plays sports with mine
Margaret Torres,margaret.torres319@example.com,(555) 519-5147,,,Des Moines,IA,,Met at the gym
Anthony Baker,anthony.baker320@example.com,(555) 520-5160,Executive Director,Baker Group,Austin,TX,,Met at networking event
Betty Gomez,betty.gomez321@example.com,(555) 521-5173,Sales Director,Gomez LLC,Phoenix,AZ,1969-10-25,
Mark Edwards,mark.edwards322@example.com,(555) 522-5186,Bank Teller,,Miami,FL,,Neighbor
Sandra Cook,sandra.cook323@example.com,(555) 523-5199,Warehouse Associate,,Charlotte,NC,,LinkedIn connection
Donald Bailey,donald.bailey324@example.com,(555) 524-5212,,,Columbus,OH,1972-01-01,From church group
Ashley Ward,ashley.ward325@example.com,(555) 525-5225,Small Business Owner,Ward Group,Chicago,IL,,Met through family
Steven Bennett,steven.bennett326@example.com,(555) 526-5238,Restaurant Owner,Bennett LLC,Minneapolis,MN,,Old college friend
Kimberly Castillo,kimberly.castillo327@example.com,(555) 527-5251,Hair Stylist,,Sacramento,CA,1975-04-04,Former coworker
Andrew Powell,andrew.powell328@example.com,(555) 528-5264,Bartender,,Salt Lake City,UT,,Referred by a client
Emily Miller,emily.miller329@example.com,(555) 529-5277,,,Des Moines,IA,,Kid plays sports with mine
Paul Wilson,paul.wilson330@example.com,(555) 530-5290,Insurance Agency Owner,Wilson Group,Austin,TX,1978-07-07,Met at the gym
Donna Lee,donna.lee331@example.com,(555) 531-5303,Chiropractor,Lee LLC,Phoenix,AZ,,Met at networking event
Joshua Ramirez,joshua.ramirez332@example.com,(555) 532-5316,Paralegal,,Miami,FL,,
Michelle Wright,michelle.wright333@example.com,(555) 533-5329,Dental Hygienist,,Charlotte,NC,1981-10-10,Neighbor
Kenneth Adams,kenneth.adams334@example.com,(555) 534-5342,,,Columbus,OH,,LinkedIn connection
Carol Carter,carol.carter335@example.com,(555) 535-5355,Salon Owner,Carter Group,Chicago,IL,,From church group
Kevin Parker,kevin.parker336@example.com,(555) 536-5368,Realtor,Parker LLC,Minneapolis,MN,1984-01-13,Met through family
Amanda Morales,amanda.morales337@example.com,(555) 537-5381,Registered Nurse,,Sacramento,CA,,Old college friend
Brian Cooper,brian.cooper338@example.com,(555) 538-5394,Software Engineer,,Salt Lake City,UT,,Former coworker
Melissa Kim,melissa.kim339@example.com,(555) 539-5407,,,Des Moines,IA,1987-04-16,Referred by a client
George Wood,george.wood340@example.com,(555) 540-5420,Practice Owner,Wood Group,Austin,TX,,Kid plays sports with mine
Deborah Price,deborah.price341@example.com,(555) 541-5433,Independent Consultant,Price LLC,Phoenix,AZ,,Met at the gym
Timothy Ross,timothy.ross342@example.com,(555) 542-5446,Plumber,,Miami,FL,1990-07-19,Met at networking event
Stephanie Jones,stephanie.jones343@example.com,(555) 543-5459,Police Officer,,Charlotte,NC,,
Jose Lopez,jose.lopez344@example.com,(555) 544-5472,,,Columbus,OH,,Neighbor
Rebecca Jackson,rebecca.jackson345@example.com,(555) 545-5485,Attorney,Jackson Group,Chicago,IL,1993-10-22,LinkedIn connection
Larry Sanchez,larry.sanchez346@example.com,(555) 546-5498,CPA / Accountant,Sanchez LLC,Minneapolis,MN,,From church group
Laura Allen,laura.allen347@example.com,(555) 547-5511,Warehouse Associate,,Sacramento,CA,,Met through family
Jeffrey Flores,jeffrey.flores348@example.com,(555) 548-5524,Mechanic,,Salt Lake City,UT,1996-01-25,Old college friend
Sharon Campbell,sharon.campbell349@example.com,(555) 549-5537,,,Des Moines,IA,,Former coworker
Frank Turner,frank.turner350@example.com,(555) 550-5550,Dentist,Turner Group,Austin,TX,,Referred by a client
Cynthia Stewart,cynthia.stewart351@example.com,(555) 551-5563,Marketing Consultant,Stewart LLC,Phoenix,AZ,1960-04-01,Kid plays sports with mine
Scott Ortiz,scott.ortiz352@example.com,(555) 552-5576,Bartender,,Miami,FL,,Met at the gym
Kathleen Howard,kathleen.howard353@example.com,(555) 553-5589,Personal Trainer,,Charlotte,NC,,Met at networking event
Eric Brooks,eric.brooks354@example.com,(555) 554-5602,,,Columbus,OH,1963-07-04,
Amy Ruiz,amy.ruiz355@example.com,(555) 555-5615,Franchise Owner,Ruiz Group,Chicago,IL,,Neighbor
Stephen Myers,stephen.myers356@example.com,(555) 556-5628,Executive Director,Myers LLC,Minneapolis,MN,,LinkedIn connection
Angela Williams,angela.williams357@example.com,(555) 557-5641,Dental Hygienist,,Sacramento,CA,1966-10-07,From church group
Raymond Martinez,raymond.martinez358@example.com,(555) 558-5654,Carpenter,,Salt Lake City,UT,,Met through family
Shirley Taylor,shirley.taylor359@example.com,(555) 559-5667,,,Des Moines,IA,,Old college friend
Gregory White,gregory.white360@example.com,(555) 560-5680,Real Estate Agent,White Group,Austin,TX,1969-01-10,Former coworker
Anna Walker,anna.walker361@example.com,(555) 561-5693,Small Business Owner,Walker LLC,Phoenix,AZ,,Referred by a client
Jacob Nguyen,jacob.nguyen362@example.com,(555) 562-5706,Software Engineer,,Miami,FL,,Kid plays sports with mine
Brenda Hall,brenda.hall363@example.com,(555) 563-5719,Truck Driver,,Charlotte,NC,1972-04-13,Met at the gym
Carlos Phillips,carlos.phillips364@example.com,(555) 564-5732,,,Columbus,OH,,Met at networking event
Pamela Collins,pamela.collins365@example.com,(555) 565-5745,Financial Advisor,Collins Group,Chicago,IL,,
Nathan Rogers,nathan.rogers366@example.com,(555) 566-5758,Insurance Agency Owner,Rogers LLC,Minneapolis,MN,1975-07-16,Neighbor
Nicole Reed,nicole.reed367@example.com,(555) 567-5771,Police Officer,,Sacramento,CA,,LinkedIn connection
Henry Richardson,henry.richardson368@example.com,(555) 568-5784,Firefighter,,Salt Lake City,UT,,From church group
Katherine Gray,katherine.gray369@example.com,(555) 569-5797,,,Des Moines,IA,1978-10-19,Met through family
Douglas Sanders,douglas.sanders370@example.com,(555) 570-5810,Construction Company Owner,Sanders Group,Austin,TX,,Old college friend
Samantha Smith,samantha.smith371@example.com,(555) 571-5823,Salon Owner,Smith LLC,Phoenix,AZ,,Former coworker
Adrian Davis,adrian.davis372@example.com,(555) 572-5836,Mechanic,,Miami,FL,1981-01-22,Referred by a client
Christine Anderson,christine.anderson373@example.com,(555) 573-5849,Pharmacist,,Charlotte,NC,,Kid plays sports with mine
Marcus Perez,marcus.perez374@example.com,(555) 574-5862,,,Columbus,OH,,Met at the gym
Diana Lewis,diana.lewis375@example.com,(555) 575-5875,Sales Director,Lewis Group,Chicago,IL,1984-04-25,Met at networking event
Felix Scott,felix.scott376@example.com,(555) 576-5888,Practice Owner,Scott LLC,Minneapolis,MN,,
Maria Nelson,maria.nelson377@example.com,(555) 577-5901,Personal Trainer,,Sacramento,CA,,Neighbor
Omar Roberts,omar.roberts378@example.com,(555) 578-5914,Server,,Salt Lake City,UT,1987-07-01,LinkedIn connection
Grace Cruz,grace.cruz379@example.com,(555) 579-5927,,,Des Moines,IA,,From church group
Derek Murphy,derek.murphy380@example.com,(555) 580-5940,Restaurant Owner,Murphy Group,Austin,TX,,Met through family
Olivia Peterson,olivia.peterson381@example.com,(555) 581-5953,Attorney,Peterson LLC,Phoenix,AZ,1990-10-04,Old college friend
Travis Cox,travis.cox382@example.com,(555) 582-5966,Carpenter,,Miami,FL,,Former coworker
Sofia James,sofia.james383@example.com,(555) 583-5979,Landscaper,,Charlotte,NC,,Referred by a client
Wesley Alvarez,wesley.alvarez384@example.com,(555) 584-5992,,,Columbus,OH,1993-01-07,Kid plays sports with mine
Hannah Foster,hannah.foster385@example.com,(555) 585-6005,Chiropractor,Foster Group,Chicago,IL,,Met at the gym
Bryan Garcia,bryan.garcia386@example.com,(555) 586-6018,Dentist,Garcia LLC,Minneapolis,MN,,Met at networking event
Victoria Gonzalez,victoria.gonzalez387@example.com,(555) 587-6031,Truck Driver,,Sacramento,CA,1996-04-10,
Caleb Martin,caleb.martin388@example.com,(555) 588-6044,Barista,,Salt Lake City,UT,,Neighbor
Lauren Clark,lauren.clark389@example.com,(555) 589-6057,,,Des Moines,IA,,LinkedIn connection
Ivan King,ivan.king390@example.com,(555) 590-6070,Realtor,King Group,Austin,TX,1960-07-13,From church group
Natalie Green,natalie.green391@example.com,(555) 591-6083,Franchise Owner,Green LLC,Phoenix,AZ,,Met through family
James Mitchell,james.mitchell392@example.com,(555) 592-6096,Firefighter,,Miami,FL,,Old college friend
Mary Diaz,mary.diaz393@example.com,(555) 593-6109,Graphic Designer,,Charlotte,NC,1963-10-16,Former coworker
Robert Morris,robert.morris394@example.com,(555) 594-6122,,,Columbus,OH,,Referred by a client
Patricia Morgan,patricia.morgan395@example.com,(555) 595-6135,Independent Consultant,Morgan Group,Chicago,IL,,Kid plays sports with mine
John Ramos,john.ramos396@example.com,(555) 596-6148,Real Estate Agent,Ramos LLC,Minneapolis,MN,1966-01-19,Met at the gym
Jennifer Chavez,jennifer.chavez397@example.com,(555) 597-6161,Pharmacist,,Sacramento,CA,,Met at networking event
Michael Hughes,michael.hughes398@example.com,(555) 598-6174,Flight Attendant,,Salt Lake City,UT,,
Linda Long,linda.long399@example.com,(555) 599-6187,,,Des Moines,IA,1969-04-22,Neighbor
David Brown,david.brown400@example.com,(555) 600-6200,CPA / Accountant,Brown Group,Austin,TX,,LinkedIn connection
Elizabeth Hernandez,elizabeth.hernandez401@example.com,(555) 601-6213,Financial Advisor,Hernandez LLC,Phoenix,AZ,,From church group
William Moore,william.moore402@example.com,(555) 602-6226,Server,,Miami,FL,1972-07-25,Met through family
Barbara Harris,barbara.harris403@example.com,(555) 603-6239,Retail Associate,,Charlotte,NC,,Old college friend
Richard Young,richard.young404@example.com,(555) 604-6252,,,Columbus,OH,,Former coworker
Susan Hill,susan.hill405@example.com,(555) 605-6265,Marketing Consultant,Hill Group,Chicago,IL,1975-10-01,Referred by a client
Joseph Rivera,joseph.rivera406@example.com,(555) 606-6278,Construction Company Owner,Rivera LLC,Minneapolis,MN,,Kid plays sports with mine
Jessica Evans,jessica.evans407@example.com,(555) 607-6291,Landscaper,,Sacramento,CA,,Met at the gym
Thomas Reyes,thomas.reyes408@example.com,(555) 608-6304,Teacher,,Salt Lake City,UT,1978-01-04,Met at networking event
Sarah Gutierrez,sarah.gutierrez409@example.com,(555) 609-6317,,,Des Moines,IA,,
Charles Kelly,charles.kelly410@example.com,(555) 610-6330,Executive Director,Kelly Group,Austin,TX,,Neighbor
Karen Watson,karen.watson411@example.com,(555) 611-6343,Sales Director,Watson LLC,Phoenix,AZ,1981-04-07,LinkedIn connection
Christopher Mendoza,christopher.mendoza412@example.com,(555) 612-6356,Barista,,Miami,FL,,From church group
Nancy Patel,nancy.patel413@example.com,(555) 613-6369,Electrician,,Charlotte,NC,,Met through family
Daniel Johnson,daniel.johnson414@example.com,(555) 614-6382,,,Columbus,OH,1984-07-10,Old college friend
Lisa Rodriguez,lisa.rodriguez415@example.com,(555) 615-6395,Small Business Owner,Rodriguez Group,Chicago,IL,,Former coworker
Matthew Thomas,matthew.thomas416@example.com,(555) 616-6408,Restaurant Owner,Thomas LLC,Minneapolis,MN,,Referred by a client
Margaret Thompson,margaret.thompson417@example.com,(555) 617-6421,Graphic Designer,,Sacramento,CA,1987-10-13,Kid plays sports with mine
Anthony Robinson,anthony.robinson418@example.com,(555) 618-6434,Bank Teller,,Salt Lake City,UT,,Met at the gym
Betty Torres,betty.torres419@example.com,(555) 619-6447,,,Des Moines,IA,,Met at networking event
Mark Baker,mark.baker420@example.com,(555) 620-6460,Insurance Agency Owner,Baker Group,Austin,TX,1990-01-16,
Sandra Gomez,sandra.gomez421@example.com,(555) 621-6473,Chiropractor,Gomez LLC,Phoenix,AZ,,Neighbor
Donald Edwards,donald.edwards422@example.com,(555) 622-6486,Flight Attendant,,Miami,FL,,LinkedIn connection
Ashley Cook,ashley.cook423@example.com,(555) 623-6499,Hair Stylist,,Charlotte,NC,1993-04-19,From church group
Steven Bailey,steven.bailey424@example.com,(555) 624-6512,,,Columbus,OH,,Met through family
Kimberly Ward,kimberly.ward425@example.com,(555) 625-6525,Salon Owner,Ward Group,Chicago,IL,,Old college friend
Andrew Bennett,andrew.bennett426@example.com,(555) 626-6538,Realtor,Bennett LLC,Minneapolis,MN,1996-07-22,Former coworker
Emily Castillo,emily.castillo427@example.com,(555) 627-6551,Retail Associate,,Sacramento,CA,,Referred by a client
Paul Powell,paul.powell428@example.com,(555) 628-6564,Paralegal,,Salt Lake City,UT,,Kid plays sports with mine
Donna Miller,donna.miller429@example.com,(555) 629-6577,,,Des Moines,IA,1960-10-25,Met at the gym
Joshua Wilson,joshua.wilson430@example.com,(555) 630-6590,Practice Owner,Wilson Group,Austin,TX,,Met at networking event
Michelle Lee,michelle.lee431@example.com,(555) 631-6603,Independent Consultant,Lee LLC,Phoenix,AZ,,
Kenneth Ramirez,kenneth.ramirez432@example.com,(555) 632-6616,Teacher,,Miami,FL,1963-01-01,Neighbor
Carol Wright,carol.wright433@example.com,(555) 633-6629,Registered Nurse,,Charlotte,NC,,LinkedIn connection
Kevin Adams,kevin.adams434@example.com,(555) 634-6642,,,Columbus,OH,,From church group
Amanda Carter,amanda.carter435@example.com,(555) 635-6655,Attorney,Carter Group,Chicago,IL,1966-04-04,Met through family
Brian Parker,brian.parker436@example.com,(555) 636-6668,CPA / Accountant,Parker LLC,Minneapolis,MN,,Old college friend
Melissa Morales,melissa.morales437@example.com,(555) 637-6681,Electrician,,Sacramento,CA,,Former coworker
George Cooper,george.cooper438@example.com,(555) 638-6694,Plumber,,Salt Lake City,UT,1969-07-07,Referred by a client
Deborah Kim,deborah.kim439@example.com,(555) 639-6707,,,Des Moines,IA,,Kid plays sports with mine
Timothy Wood,timothy.wood440@example.com,(555) 640-6720,Dentist,Wood Group,Austin,TX,,Met at the gym
Stephanie Price,stephanie.price441@example.com,(555) 641-6733,Marketing Consultant,Price LLC,Phoenix,AZ,1972-10-10,Met at networking event
Jose Ross,jose.ross442@example.com,(555) 642-6746,Bank Teller,,Miami,FL,,
Rebecca Jones,rebecca.jones443@example.com,(555) 643-6759,Warehouse Associate,,Charlotte,NC,,Neighbor
Larry Lopez,larry.lopez444@example.com,(555) 644-6772,,,Columbus,OH,1975-01-13,LinkedIn connection
Laura Jackson,laura.jackson445@example.com,(555) 645-6785,Franchise Owner,Jackson Group,Chicago,IL,,From church group
Jeffrey Sanchez,jeffrey.sanchez446@example.com,(555) 646-6798,Executive Director,Sanchez LLC,Minneapolis,MN,,Met through family
Sharon Allen,sharon.allen447@example.com,(555) 647-6811,Hair Stylist,,Sacramento,CA,1978-04-16,Old college friend
Frank Flores,frank.flores448@example.com,(555) 648-6824,Bartender,,Salt Lake City,UT,,Former coworker
Cynthia Campbell,cynthia.campbell449@example.com,(555) 649-6837,,,Des Moines,IA,,Referred by a client
Scott Turner,scott.turner450@example.com,(555) 650-6850,Real Estate Agent,Turner Group,Austin,TX,1981-07-19,Kid plays sports with mine
Kathleen Stewart,kathleen.stewart451@example.com,(555) 651-6863,Small Business Owner,Stewart LLC,Phoenix,AZ,,Met at the gym
Eric Ortiz,eric.ortiz452@example.com,(555) 652-6876,Paralegal,,Miami,FL,,Met at networking event
Amy Howard,amy.howard453@example.com,(555) 653-6889,Dental Hygienist,,Charlotte,NC,1984-10-22,
Stephen Brooks,stephen.brooks454@example.com,(555) 654-6902,,,Columbus,OH,,Neighbor
Angela Ruiz,angela.ruiz455@example.com,(555) 655-6915,Financial Advisor,Ruiz Group,Chicago,IL,,LinkedIn connection
Raymond Myers,raymond.myers456@example.com,(555) 656-6928,Insurance Agency Owner,Myers LLC,Minneapolis,MN,1987-01-25,From church group
Shirley Williams,shirley.williams457@example.com,(555) 657-6941,Registered Nurse,,Sacramento,CA,,Met through family
Gregory Martinez,gregory.martinez458@example.com,(555) 658-6954,Software Engineer,,Salt Lake City,UT,,Old college friend
Anna Taylor,anna.taylor459@example.com,(555) 659-6967,,,Des Moines,IA,1990-04-01,Former coworker
Jacob White,jacob.white460@example.com,(555) 660-6980,Construction Company Owner,White Group,Austin,TX,,Referred by a client
Brenda Walker,brenda.walker461@example.com,(555) 661-6993,Salon Owner,Walker LLC,Phoenix,AZ,,Kid plays sports with mine
Carlos Nguyen,carlos.nguyen462@example.com,(555) 662-7006,Plumber,,Miami,FL,1993-07-04,Met at the gym
Pamela Hall,pamela.hall463@example.com,(555) 663-7019,Police Officer,,Charlotte,NC,,Met at networking event
Nathan Phillips,nathan.phillips464@example.com,(555) 664-7032,,,Columbus,OH,,
Nicole Collins,nicole.collins465@example.com,(555) 665-7045,Sales Director,Collins Group,Chicago,IL,1996-10-07,Neighbor
Henry Rogers,henry.rogers466@example.com,(555) 666-7058,Practice Owner,Rogers LLC,Minneapolis,MN,,LinkedIn connection
Katherine Reed,katherine.reed467@example.com,(555) 667-7071,Warehouse Associate,,Sacramento,CA,,From church group
Douglas Richardson,douglas.richardson468@example.com,(555) 668-7084,Mechanic,,Salt Lake City,UT,1960-01-10,Met through family
Samantha Gray,samantha.gray469@example.com,(555) 669-7097,,,Des Moines,IA,,Old college friend
Adrian Sanders,adrian.sanders470@example.com,(555) 670-7110,Restaurant Owner,Sanders Group,Austin,TX,,Former coworker
Christine Smith,christine.smith471@example.com,(555) 671-7123,Attorney,Smith LLC,Phoenix,AZ,1963-04-13,Referred by a client
Marcus Davis,marcus.davis472@example.com,(555) 672-7136,Bartender,,Miami,FL,,Kid plays sports with mine
Diana Anderson,diana.anderson473@example.com,(555) 673-7149,Personal Trainer,,Charlotte,NC,,Met at the gym
Felix Perez,felix.perez474@example.com,(555) 674-7162,,,Columbus,OH,1966-07-16,Met at networking event
Maria Lewis,maria.lewis475@example.com,(555) 675-7175,Chiropractor,Lewis Group,Chicago,IL,,
Omar Scott,omar.scott476@example.com,(555) 676-7188,Dentist,Scott LLC,Minneapolis,MN,,Neighbor
Grace Nelson,grace.nelson477@example.com,(555) 677-7201,Dental Hygienist,,Sacramento,CA,1969-10-19,LinkedIn connection
Derek Roberts,derek.roberts478@example.com,(555) 678-7214,Carpenter,,Salt Lake City,UT,,From church group
Olivia Cruz,olivia.cruz479@example.com,(555) 679-7227,,,Des Moines,IA,,Met through family
Travis Murphy,travis.murphy480@example.com,(555) 680-7240,Realtor,Murphy Group,Austin,TX,1972-01-22,Old college friend
Sofia Peterson,sofia.peterson481@example.com,(555) 681-7253,Franchise Owner,Peterson LLC,Phoenix,AZ,,Former coworker
Wesley Cox,wesley.cox482@example.com,(555) 682-7266,Software Engineer,,Miami,FL,,Referred by a client
Hannah James,hannah.james483@example.com,(555) 683-7279,Truck Driver,,Charlotte,NC,1975-04-25,Kid plays sports with mine
Bryan Alvarez,bryan.alvarez484@example.com,(555) 684-7292,,,Columbus,OH,,Met at the gym
Victoria Foster,victoria.foster485@example.com,(555) 685-7305,Independent Consultant,Foster Group,Chicago,IL,,Met at networking event
Caleb Garcia,caleb.garcia486@example.com,(555) 686-7318,Real Estate Agent,Garcia LLC,Minneapolis,MN,1978-07-01,
Lauren Gonzalez,lauren.gonzalez487@example.com,(555) 687-7331,Police Officer,,Sacramento,CA,,Neighbor
Ivan Martin,ivan.martin488@example.com,(555) 688-7344,Firefighter,,Salt Lake City,UT,,LinkedIn connection
Natalie Clark,natalie.clark489@example.com,(555) 689-7357,,,Des Moines,IA,1981-10-04,From church group
James King,james.king490@example.com,(555) 690-7370,CPA / Accountant,King Group,Austin,TX,,Met through family
Mary Green,mary.green491@example.com,(555) 691-7383,Financial Advisor,Green LLC,Phoenix,AZ,,Old college friend
Robert Mitchell,robert.mitchell492@example.com,(555) 692-7396,Mechanic,,Miami,FL,1984-01-07,Former coworker
Patricia Diaz,patricia.diaz493@example.com,(555) 693-7409,Pharmacist,,Charlotte,NC,,Referred by a client
John Morris,john.morris494@example.com,(555) 694-7422,,,Columbus,OH,,Kid plays sports with mine
Jennifer Morgan,jennifer.morgan495@example.com,(555) 695-7435,Marketing Consultant,Morgan Group,Chicago,IL,1987-04-10,Met at the gym
Michael Ramos,michael.ramos496@example.com,(555) 696-7448,Construction Company Owner,Ramos LLC,Minneapolis,MN,,Met at networking event
Linda Chavez,linda.chavez497@example.com,(555) 697-7461,Personal Trainer,,Sacramento,CA,,
David Hughes,david.hughes498@example.com,(555) 698-7474,Server,,Salt Lake City,UT,1990-07-13,Neighbor
Elizabeth Long,elizabeth.long499@example.com,(555) 699-7487,,,Des Moines,IA,,LinkedIn connection
